Soybean Oil,US $ per pound
South American Soybeans,US $ per barrel
Corn,US $ per bushel
Soybean Crush,US $ per bushel
Wheat (Kansas),US $ per bushel
Hard Red Spring Wheat,US $ per bushel
Oats,US $ per bushel
Rough Rice,US $ per hundredweight
Soybeans,US $ per bushel
Soybean Meal,US $ per short ton
Wheat,US $ per bushel
Corn Mini,US $ per bushel
Soybeans Mini,US $ per bushel
Mini Wheat,US $ per bushel
Ethanol,US $ per gallon
Brent Crude Oil,US $ per barrel
Light Crude Oil (Pit),US $ per barrel
Gas - Oil,US $ per tonne
Nat. Gas Financial Futures (Last Day) (Globex),US $ per mmBtu
Heating Oil,US $ per gallon
Natural Gas Financial Futures (Globex),US $ per mmBtu
PJM Electricity,US $ per Mwh
Natural Gas,US $ per mmBtu
Natural Gas miNY,US $ per mmBtu
Heating Oil miNY,US $ per gallon
Crude Oil EmiNY,US $ per barrel
NYH RBOB Gasoline miNY,US $ per gallon
NYH RBOB Unleaded Gas,US $ per gallon
NYH RBOB Gasoline Financial Futures (Globex),US $ per gallon
Crude Oil Financial Futures (Globex),US $ per barrel